{"stat.chestOpened":2,"stat.flyOneCm":6132,"stat.deaths":1,"stat.walkOneCm":4222,"stat.jump":40,"stat.swimOneCm":857,"stat.playOneMinute":2717,"stat.fallOneCm":2096,"stat.entityKilledBy.Zombie":1,"stat.pickup.minecraft.torch":5,"stat.leaveGame":1,"stat.sneakTime":16,"stat.useItem.minecraft.stone_axe":2,"stat.damageTaken":280,"stat.damageDealt":42,"stat.crouchOneCm":178,"stat.timeSinceDeath":0,"stat.pickup.minecraft.dirt":5,"stat.useItem.minecraft.dirt":4,"stat.sprintOneCm":21984,"stat.mineBlock.minecraft.dirt":5}